city_url,name
https://i.meituan.com/hangzhou/all/?p=93,杭州
https://i.meituan.com/anshan/all/,鞍山
https://i.meituan.com/anqing/all/,安庆
https://i.meituan.com/anyang/all/,安阳
https://i.meituan.com/anshun/all/,安顺
https://i.meituan.com/ankang/all/,安康
https://i.meituan.com/anqiu/all/,安丘
https://i.meituan.com/alashanmeng/all/,阿拉善盟
https://i.meituan.com/akesu/all/,阿克苏
https://i.meituan.com/anji/all/,安吉
https://i.meituan.com/anyue/all/,安岳
https://i.meituan.com/anping/all/,安平
https://i.meituan.com/anxi/all/,安溪
https://i.meituan.com/anning/all/,安宁
https://i.meituan.com/anhua/all/,安化
https://i.meituan.com/alaer/all/,阿拉尔
https://i.meituan.com/anfu/all/,安福
https://i.meituan.com/aletaishi/all/,阿勒泰市
https://i.meituan.com/atushishi/all/,阿图什市
https://i.meituan.com/anzhouqu/all/,安州区
https://i.meituan.com/arongqi/all/,阿荣旗
https://i.meituan.com/anlushi/all/,安陆市
https://i.meituan.com/achengqu/all/,阿城区
https://i.meituan.com/aba/all/,阿坝
https://i.meituan.com/ali/all/,阿里
https://i.meituan.com/aletai/all/,阿勒泰
https://i.meituan.com/aomen/all/,澳门
https://i.meituan.com/qingdao/all/,青岛
https://i.meituan.com/quanzhou/all/,泉州
https://i.meituan.com/qinhuangdao/all/,秦皇岛
https://i.meituan.com/qiqihaer/all/,齐齐哈尔
https://i.meituan.com/quzhou/all/,衢州
https://i.meituan.com/qingyuan/all/,清远
https://i.meituan.com/qujing/all/,曲靖
https://i.meituan.com/qitaihe/all/,七台河
https://i.meituan.com/qinzhou/all/,钦州
https://i.meituan.com/qiandongnan/all/,黔东南
https://i.meituan.com/qingyang/all/,庆阳
https://i.meituan.com/qianan/all/,迁安
https://i.meituan.com/qingzhou/all/,青州
https://i.meituan.com/qidong/all/,启东
https://i.meituan.com/qianjiang/all/,潜江
https://i.meituan.com/qianxinan/all/,黔西南
https://i.meituan.com/qiannan/all/,黔南
https://i.meituan.com/qionghai/all/,琼海
https://i.meituan.com/qinyang/all/,沁阳
https://i.meituan.com/qionglai/all/,邛崃
https://i.meituan.com/qihe/all/,齐河
https://i.meituan.com/qingfeng/all/,清丰
https://i.meituan.com/qixian/all/,淇县
https://i.meituan.com/quanjiao/all/,全椒
https://i.meituan.com/qixia/all/,栖霞
https://i.meituan.com/qingtian/all/,青田
https://i.meituan.com/qinghe/all/,清河
https://i.meituan.com/qingyun/all/,庆云
https://i.meituan.com/qianshan/all/,潜山
https://i.meituan.com/qingxian/all/,青县
https://i.meituan.com/qidongxian/all/,祁东县
https://i.meituan.com/qinganxian/all/,庆安县
https://i.meituan.com/putian/all/,莆田
https://i.meituan.com/panjin/all/,盘锦
https://i.meituan.com/pingdingshan/all/,平顶山
https://i.meituan.com/puyang/all/,濮阳
https://i.meituan.com/pingxiang/all/,萍乡
https://i.meituan.com/qixiankaifeng/all/,杞县
https://i.meituan.com/qinggangxian/all/,青冈县
https://i.meituan.com/qishanxian/all/,岐山县
https://i.meituan.com/qiongzhong/all/,琼中
https://i.meituan.com/qingyangxian/all/,青阳县
https://i.meituan.com/panzhihua/all/,攀枝花
https://i.meituan.com/puer/all/,普洱
https://i.meituan.com/pingliang/all/,平凉
https://i.meituan.com/pizhou/all/,邳州
https://i.meituan.com/zhengzhou/all/,郑州
https://i.meituan.com/tianjin/all/,天津
https://i.meituan.com/taiyuan/all/,太原
https://i.meituan.com/tangshan/all/,唐山
https://i.meituan.com/taizhou/all/,泰州
https://i.meituan.com/qingzhen/all/,清镇
https://i.meituan.com/qijiang/all/,綦江
https://i.meituan.com/qingxu/all/,清徐
https://i.meituan.com/qianxixian/all/,迁西县
https://i.meituan.com/qishizhen/all/,企石镇
https://i.meituan.com/pinghu/all/,平湖
https://i.meituan.com/puning/all/,普宁
https://i.meituan.com/pingdu/all/,平度
https://i.meituan.com/pengzhou/all/,彭州
https://i.meituan.com/penglai/all/,蓬莱
https://i.meituan.com/peixian/all/,沛县
https://i.meituan.com/pingyang/all/,平阳
https://i.meituan.com/poyang/all/,鄱阳
https://i.meituan.com/pujiang/all/,浦江
https://i.meituan.com/panshi/all/,磐石
https://i.meituan.com/pingyuan/all/,平原
https://i.meituan.com/pingtan/all/,平潭
https://i.meituan.com/rizhao/all/,日照
https://i.meituan.com/ruian/all/,瑞安
https://i.meituan.com/rongcheng/all/,荣成
https://i.meituan.com/rushan/all/,乳山
https://i.meituan.com/rugao/all/,如皋
https://i.meituan.com/zibo/all/,淄博
https://i.meituan.com/zhuhai/all/,珠海
https://i.meituan.com/zhongshan/all/,中山
https://i.meituan.com/zhenjiang/all/,镇江
https://i.meituan.com/zhuzhou/all/,株洲
https://i.meituan.com/zhanjiang/all/,湛江
https://i.meituan.com/zhangjiakou/all/,张家口
https://i.meituan.com/taizhoutz/all/,台州
https://i.meituan.com/taian/all/,泰安
https://i.meituan.com/tongxiang/all/,桐乡
https://i.meituan.com/taicang/all/,太仓
https://i.meituan.com/tongliao/all/,通辽
https://i.meituan.com/tieling/all/,铁岭
https://i.meituan.com/tonghua/all/,通化
https://i.meituan.com/tongling/all/,铜陵
https://i.meituan.com/tongrendiqu/all/,铜仁
https://i.meituan.com/tongchuan/all/,铜川
https://i.meituan.com/nanjing/all/,南京
https://i.meituan.com/ningbo/all/,宁波
https://i.meituan.com/nanning/all/,南宁
https://i.meituan.com/nantong/all/,南通
https://i.meituan.com/nanchang/all/,南昌
https://i.meituan.com/pucheng/all/,蒲城
https://i.meituan.com/panzhoushi/all/,盘州市
https://i.meituan.com/pingjiang/all/,平江
https://i.meituan.com/puyangxian/all/,濮阳县
https://i.meituan.com/pingshan/all/,平山
https://i.meituan.com/pingquanshi/all/,平泉市
https://i.meituan.com/ruzhou/all/,汝州
https://i.meituan.com/rudong/all/,如东
https://i.meituan.com/renhuai/all/,仁怀
https://i.meituan.com/ruijin/all/,瑞金
https://i.meituan.com/ruichang/all/,瑞昌
https://i.meituan.com/wuhan/all/,武汉
https://i.meituan.com/wuxi/all/,无锡
https://i.meituan.com/wenzhou/all/,温州
https://i.meituan.com/wuhu/all/,芜湖
https://i.meituan.com/weifang/all/,潍坊
https://i.meituan.com/weihai/all/,威海
https://i.meituan.com/zhoushan/all/,舟山
https://i.meituan.com/zhangzhou/all/,漳州
https://i.meituan.com/zaozhuang/all/,枣庄
https://i.meituan.com/zhoukou/all/,周口
https://i.meituan.com/zhumadian/all/,驻马店
https://i.meituan.com/zhaoqing/all/,肇庆
https://i.meituan.com/zunyi/all/,遵义
https://i.meituan.com/zhangjiagang/all/,张家港
https://i.meituan.com/zhuji/all/,诸暨
https://i.meituan.com/zhangjiajie/all/,张家界
https://i.meituan.com/shanghai/all/,上海
https://i.meituan.com/shenzhen/all/,深圳
https://i.meituan.com/tianshui/all/,天水
https://i.meituan.com/taishan/all/,台山
https://i.meituan.com/taixing/all/,泰兴
https://i.meituan.com/tengzhou/all/,滕州
https://i.meituan.com/tianmen/all/,天门
https://i.meituan.com/tianchang/all/,天长
https://i.meituan.com/tonglu/all/,桐庐
https://i.meituan.com/xian/all/,西安
https://i.meituan.com/xiamen/all/,厦门
https://i.meituan.com/xuzhou/all/,徐州
https://i.meituan.com/yantai/all/,烟台
https://i.meituan.com/yangzhou/all/,扬州
https://i.meituan.com/nanyang/all/,南阳
https://i.meituan.com/ningde/all/,宁德
https://i.meituan.com/nanchong/all/,南充
https://i.meituan.com/nanping/all/,南平
https://i.meituan.com/neijiang/all/,内江
https://i.meituan.com/ninghai/all/,宁海
https://i.meituan.com/nanan/all/,南安
https://i.meituan.com/ningxiang/all/,宁乡
https://i.meituan.com/nansha/all/,南沙
https://i.meituan.com/nehe/all/,讷河
https://i.meituan.com/nanxiong/all/,南雄
https://i.meituan.com/nanle/all/,南乐
https://i.meituan.com/pingyi/all/,平邑
https://i.meituan.com/pingyu/all/,平舆
https://i.meituan.com/pingyao/all/,平遥
https://i.meituan.com/pingguo/all/,平果
https://i.meituan.com/renshou/all/,仁寿
https://i.meituan.com/renqiu/all/,任丘
https://i.meituan.com/ruyang/all/,汝阳
https://i.meituan.com/renxian/all/,任县
https://i.meituan.com/ruchengxian/all/,汝城县
https://i.meituan.com/rongxian/all/,容县
https://i.meituan.com/rongchangqu/all/,荣昌区
https://i.meituan.com/wulumuqi/all/,乌鲁木齐
https://i.meituan.com/weinan/all/,渭南
https://i.meituan.com/wujiang/all/,吴江
https://i.meituan.com/wenling/all/,温岭
https://i.meituan.com/wuhai/all/,乌海
https://i.meituan.com/wulanchabu/all/,乌兰察布
https://i.meituan.com/wuzhou/all/,梧州
https://i.meituan.com/zigong/all/,自贡
https://i.meituan.com/ziyang/all/,资阳
https://i.meituan.com/shenyang/all/,沈阳
https://i.meituan.com/shijiazhuang/all/,石家庄
https://i.meituan.com/suzhou/all/,苏州
https://i.meituan.com/sanya/all/,三亚
https://i.meituan.com/shantou/all/,汕头
https://i.meituan.com/shaoxing/all/,绍兴
https://i.meituan.com/songyuan/all/,松原
https://i.meituan.com/taonan/all/,洮南
https://i.meituan.com/tongcheng/all/,桐城
https://i.meituan.com/taiqian/all/,台前
https://i.meituan.com/taihe/all/,太和
https://i.meituan.com/tiantai/all/,天台
https://i.meituan.com/taigu/all/,太谷
https://i.meituan.com/tengxian/all/,藤县
https://i.meituan.com/tangyin/all/,汤阴
https://i.meituan.com/xiangyang/all/,襄阳
https://i.meituan.com/xinxiang/all/,新乡
https://i.meituan.com/xingtai/all/,邢台
https://i.meituan.com/xuancheng/all/,宣城
https://i.meituan.com/xuchang/all/,许昌
https://i.meituan.com/xinyang/all/,信阳
https://i.meituan.com/xiaogan/all/,孝感
https://i.meituan.com/xiangtan/all/,湘潭
https://i.meituan.com/mianyang/all/,绵阳
https://i.meituan.com/mudanjiang/all/,牡丹江
https://i.meituan.com/maanshan/all/,马鞍山
https://i.meituan.com/maoming/all/,茂名
https://i.meituan.com/meizhou/all/,梅州
https://i.meituan.com/yancheng/all/,盐城
https://i.meituan.com/yichang/all/,宜昌
https://i.meituan.com/yueyang/all/,岳阳
https://i.meituan.com/yinchuan/all/,银川
https://i.meituan.com/yuncheng/all/,运城
https://i.meituan.com/yingkou/all/,营口
https://i.meituan.com/yichun/all/,宜春
https://i.meituan.com/yiyang/all/,益阳
https://i.meituan.com/yangjiang/all/,阳江
https://i.meituan.com/nanling/all/,南陵
https://i.meituan.com/ningyang/all/,宁阳
https://i.meituan.com/ningguo/all/,宁国
https://i.meituan.com/ningjin/all/,宁晋
https://i.meituan.com/ningjinnj/all/,宁津
https://i.meituan.com/neiqiu/all/,内丘
https://i.meituan.com/nangong/all/,南宫
https://i.meituan.com/neihuang/all/,内黄
https://i.meituan.com/pingluoxian/all/,平罗县
https://i.meituan.com/pingyinxian/all/,平阴县
https://i.meituan.com/pingluxian/all/,平陆县
https://i.meituan.com/pingchangxian/all/,平昌县
https://i.meituan.com/pingnanxian/all/,平南县
https://i.meituan.com/pengshuizizhixian/all/,彭水苗族土家族自治县
https://i.meituan.com/pulandian/all/,普兰店
https://i.meituan.com/penghu/all/,澎湖
https://i.meituan.com/ruili/all/,瑞丽
https://i.meituan.com/rikaze/all/,日喀则
https://i.meituan.com/wuwei/all/,武威
https://i.meituan.com/wanzhou/all/,万州
https://i.meituan.com/wuan/all/,武安
https://i.meituan.com/wendeng/all/,文登
https://i.meituan.com/wuchuan/all/,吴川
https://i.meituan.com/wafangdian/all/,瓦房店
https://i.meituan.com/wenshan/all/,文山
https://i.meituan.com/wuzhong/all/,吴忠
https://i.meituan.com/zhaotong/all/,昭通
https://i.meituan.com/zhangye/all/,张掖
https://i.meituan.com/zhuozhou/all/,涿州
https://i.meituan.com/zhangqiuqu/all/,章丘区
https://i.meituan.com/zaoyang/all/,枣阳
https://i.meituan.com/zhucheng/all/,诸城
https://i.meituan.com/zhuanghe/all/,庄河
https://i.meituan.com/zhaoyuan/all/,招远
https://i.meituan.com/kunming/all/,昆明
https://i.meituan.com/kunshan/all/,昆山
https://i.meituan.com/kaifeng/all/,开封
https://i.meituan.com/kelamayi/all/,克拉玛依
https://i.meituan.com/kaiping/all/,开平
https://i.meituan.com/kuerle/all/,库尔勒
https://i.meituan.com/kaihua/all/,开化
https://i.meituan.com/suqian/all/,宿迁
https://i.meituan.com/suzhousz/all/,宿州
https://i.meituan.com/shangrao/all/,上饶
https://i.meituan.com/shangqiu/all/,商丘
https://i.meituan.com/tumoteyouqi/all/,土默特右旗
https://i.meituan.com/tancheng/all/,郯城
https://i.meituan.com/tongliang/all/,铜梁
https://i.meituan.com/tongan/all/,同安
https://i.meituan.com/taoyuanxian/all/,桃源
https://i.meituan.com/taihexian/all/,泰和县
https://i.meituan.com/jinan/all/,济南
https://i.meituan.com/jilin/all/,吉林
https://i.meituan.com/jiaxing/all/,嘉兴
https://i.meituan.com/jinhua/all/,金华
https://i.meituan.com/jining/all/,济宁
https://i.meituan.com/jingzhou/all/,荆州
https://i.meituan.com/lianyungang/all/,连云港
https://i.meituan.com/linyi/all/,临沂
https://i.meituan.com/luoyang/all/,洛阳
https://i.meituan.com/hefei/all/,合肥
https://i.meituan.com/haerbin/all/,哈尔滨
https://i.meituan.com/haikou/all/,海口
https://i.meituan.com/handan/all/,邯郸
https://i.meituan.com/huhehaote/all/,呼和浩特
https://i.meituan.com/guangzhou/all/,广州
https://i.meituan.com/guiyang/all/,贵阳
https://i.meituan.com/guilin/all/,桂林
https://i.meituan.com/ganzhou/all/,赣州
https://i.meituan.com/guigang/all/,贵港
https://i.meituan.com/guangyuan/all/,广元
https://i.meituan.com/guangan/all/,广安
https://i.meituan.com/fuzhou/all/,福州
https://i.meituan.com/foshan/all/,佛山
https://i.meituan.com/fushun/all/,抚顺
https://i.meituan.com/fuyang/all/,阜阳
https://i.meituan.com/xianyang/all/,咸阳
https://i.meituan.com/xining/all/,西宁
https://i.meituan.com/xinzhou/all/,忻州
https://i.meituan.com/xinganmeng/all/,兴安盟
https://i.meituan.com/xinyu/all/,新余
https://i.meituan.com/xianning/all/,咸宁
https://i.meituan.com/xishuangbanna/all/,西双版纳
https://i.meituan.com/eerduosi/all/,鄂尔多斯
https://i.meituan.com/ezhou/all/,鄂州
https://i.meituan.com/enshi/all/,恩施
https://i.meituan.com/enping/all/,恩平
https://i.meituan.com/emeishan/all/,峨眉山
https://i.meituan.com/eminxian/all/,额敏县
https://i.meituan.com/eerguna/all/,额尔古纳
https://i.meituan.com/meishan/all/,眉山
https://i.meituan.com/mishan/all/,密山
https://i.meituan.com/manzhouli/all/,满洲里
https://i.meituan.com/meihekou/all/,梅河口
https://i.meituan.com/yulin/all/,玉林
https://i.meituan.com/yibin/all/,宜宾
https://i.meituan.com/yulinyl/all/,榆林
https://i.meituan.com/yiwu/all/,义乌
https://i.meituan.com/yixing/all/,宜兴
https://i.meituan.com/yuyao/all/,余姚
https://i.meituan.com/nanhe/all/,南和
https://i.meituan.com/nanbuxian/all/,南部县
https://i.meituan.com/nanpixian/all/,南皮县
https://i.meituan.com/ninglingxian/all/,宁陵
https://i.meituan.com/nanzhengxian/all/,南郑区
https://i.meituan.com/ninglangyizuzizhixian/all/,宁蒗彝族自治县
https://i.meituan.com/nenjiangxian/all/,嫩江县
https://i.meituan.com/ningyuanxian/all/,宁远县
https://i.meituan.com/wuyishan/all/,武夷山
https://i.meituan.com/wuyuan/all/,婺源
https://i.meituan.com/wenchang/all/,文昌
https://i.meituan.com/wuxue/all/,武穴
https://i.meituan.com/wanning/all/,万宁
https://i.meituan.com/wugang/all/,舞钢
https://i.meituan.com/wenxian/all/,温县
https://i.meituan.com/zunhua/all/,遵化
https://i.meituan.com/zoucheng/all/,邹城
https://i.meituan.com/zhongwei/all/,中卫
https://i.meituan.com/zouping/all/,邹平
https://i.meituan.com/kuitun/all/,奎屯
https://i.meituan.com/kaizhouqu/all/,开州区
https://i.meituan.com/kenli/all/,垦利
https://i.meituan.com/kuancheng/all/,宽城
https://i.meituan.com/kuche/all/,库车
https://i.meituan.com/kaiyang/all/,开阳
https://i.meituan.com/kangxian/all/,康县
https://i.meituan.com/kezhou/all/,克州
https://i.meituan.com/shiyan/all/,十堰
https://i.meituan.com/shaoyang/all/,邵阳
https://i.meituan.com/shaoguan/all/,韶关
https://i.meituan.com/shunde/all/,顺德
https://i.meituan.com/shuozhou/all/,朔州
https://i.meituan.com/siping/all/,四平
https://i.meituan.com/shuangyashan/all/,双鸭山
https://i.meituan.com/tonggu/all/,铜鼓
https://i.meituan.com/tiandongxian/all/,田东县
https://i.meituan.com/taikangxian/all/,太康县
https://i.meituan.com/tongxuxian/all/,通许县
https://i.meituan.com/tonghaixian/all/,通海县
https://i.meituan.com/jiangmen/all/,江门
https://i.meituan.com/jiangyin/all/,江阴
https://i.meituan.com/jiaozuo/all/,焦作
https://i.meituan.com/jinzhou/all/,锦州
https://i.meituan.com/jiujiang/all/,九江
https://i.meituan.com/jiamusi/all/,佳木斯
https://i.meituan.com/jingmen/all/,荆门
https://i.meituan.com/jieyang/all/,揭阳
https://i.meituan.com/liuzhou/all/,柳州
https://i.meituan.com/lanzhou/all/,兰州
https://i.meituan.com/langfang/all/,廊坊
https://i.meituan.com/linfen/all/,临汾
https://i.meituan.com/liaoyang/all/,辽阳
https://i.meituan.com/lishui/all/,丽水
https://i.meituan.com/liuan/all/,六安
https://i.meituan.com/longyan/all/,龙岩
https://i.meituan.com/huaian/all/,淮安
https://i.meituan.com/huzhou/all/,湖州
https://i.meituan.com/hengyang/all/,衡阳
https://i.meituan.com/huizhou/all/,惠州
https://i.meituan.com/huludao/all/,葫芦岛
https://i.meituan.com/hengshui/all/,衡水
https://i.meituan.com/huainan/all/,淮南
https://i.meituan.com/heze/all/,菏泽
https://i.meituan.com/gaoyou/all/,高邮
https://i.meituan.com/gongyishi/all/,巩义
https://i.meituan.com/gaomi/all/,高密
https://i.meituan.com/gaobeidian/all/,高碑店
https://i.meituan.com/gaozhou/all/,高州
https://i.meituan.com/fuzhoufz/all/,抚州
https://i.meituan.com/fuxin/all/,阜新
https://i.meituan.com/fuyangfy/all/,富阳
https://i.meituan.com/fuling/all/,涪陵
https://i.meituan.com/fuqing/all/,福清
https://i.meituan.com/fenghua/all/,奉化
https://i.meituan.com/feicheng/all/,肥城
https://i.meituan.com/dalian/all/,大连
https://i.meituan.com/dongguan/all/,东莞
https://i.meituan.com/daqing/all/,大庆
https://i.meituan.com/datong/all/,大同
https://i.meituan.com/dandong/all/,丹东
https://i.meituan.com/dongying/all/,东营
https://i.meituan.com/dezhou/all/,德州
https://i.meituan.com/xiantao/all/,仙桃
https://i.meituan.com/xinghua/all/,兴化
https://i.meituan.com/xintai/all/,新泰
https://i.meituan.com/xinji/all/,辛集
https://i.meituan.com/miluo/all/,汨罗
https://i.meituan.com/mingguang/all/,明光
https://i.meituan.com/macheng/all/,麻城
https://i.meituan.com/mengzhou/all/,孟州
https://i.meituan.com/mengjin/all/,孟津
https://i.meituan.com/muping/all/,牟平
https://i.meituan.com/meixian/all/,眉县
https://i.meituan.com/minquan/all/,民权
https://i.meituan.com/yueqing/all/,乐清
https://i.meituan.com/yangquan/all/,阳泉
https://i.meituan.com/yanbian/all/,延边
https://i.meituan.com/yingtan/all/,鹰潭
https://i.meituan.com/yongzhou/all/,永州
https://i.meituan.com/yunfu/all/,云浮
https://i.meituan.com/yuxi/all/,玉溪
https://i.meituan.com/yanan/all/,延安
https://i.meituan.com/yanzhou/all/,兖州
https://i.meituan.com/nanchuan/all/,南川
https://i.meituan.com/nujiang/all/,怒江
https://i.meituan.com/naqu/all/,那曲
https://i.meituan.com/nantou/all/,南投
https://i.meituan.com/wuzhi/all/,武陟
https://i.meituan.com/wusu/all/,乌苏
https://i.meituan.com/wuweiww/all/,无为
https://i.meituan.com/wuhuxian/all/,芜湖县
https://i.meituan.com/weihui/all/,卫辉
https://i.meituan.com/zhongxiang/all/,钟祥
https://i.meituan.com/zhijiang/all/,枝江
https://i.meituan.com/zhangpu/all/,漳浦
https://i.meituan.com/zhangshu/all/,樟树
https://i.meituan.com/zhengding/all/,正定
https://i.meituan.com/zhongmou/all/,中牟
https://i.meituan.com/zhaoxian/all/,赵县
https://i.meituan.com/zhecheng/all/,柘城
https://i.meituan.com/kashi/all/,喀什地区
https://i.meituan.com/kaili/all/,凯里
https://i.meituan.com/kending/all/,垦丁
https://i.meituan.com/suihua/all/,绥化
https://i.meituan.com/sanming/all/,三明
https://i.meituan.com/sanmenxia/all/,三门峡
https://i.meituan.com/suizhou/all/,随州
https://i.meituan.com/shanwei/all/,汕尾
https://i.meituan.com/suining/all/,遂宁
https://i.meituan.com/chongqing/all/,重庆
https://i.meituan.com/chengdu/all/,成都
https://i.meituan.com/changsha/all/,长沙
https://i.meituan.com/changzhou/all/,常州
https://i.meituan.com/changchun/all/,长春
https://i.meituan.com/chengde/all/,承德
https://i.meituan.com/tongyuxian/all/,通榆县
https://i.meituan.com/tanghe/all/,唐河
https://i.meituan.com/tongxinxian/all/,同心县
https://i.meituan.com/tachengshi/all/,塔城市
https://i.meituan.com/taiwan/all/,台湾
https://i.meituan.com/tongjiangxian/all/,通江县
https://i.meituan.com/tonghexian/all/,通河县
https://i.meituan.com/beijing/all/,北京
https://i.meituan.com/baoding/all/,保定
https://i.meituan.com/baotou/all/,包头
https://i.meituan.com/bengbu/all/,蚌埠
https://i.meituan.com/jinjiangshi/all/,晋江市
https://i.meituan.com/jincheng/all/,晋城
https://i.meituan.com/jinzhong/all/,晋中
https://i.meituan.com/jixi/all/,鸡西
https://i.meituan.com/jingdezhen/all/,景德镇
https://i.meituan.com/liaocheng/all/,聊城
https://i.meituan.com/leshan/all/,乐山
https://i.meituan.com/lasa/all/,拉萨
https://i.meituan.com/lvliang/all/,吕梁
https://i.meituan.com/liaoyuan/all/,辽源
https://i.meituan.com/huangshi/all/,黄石
https://i.meituan.com/huanggang/all/,黄冈
https://i.meituan.com/huaihua/all/,怀化
https://i.meituan.com/guyuan/all/,固原
https://i.meituan.com/guangrao/all/,广饶
https://i.meituan.com/guiping/all/,桂平
https://i.meituan.com/gongzhuling/all/,公主岭
https://i.meituan.com/guanghan/all/,广汉
https://i.meituan.com/gaocheng/all/,藁城
https://i.meituan.com/gaoping/all/,高平
https://i.meituan.com/gejiu/all/,个旧
https://i.meituan.com/gaizhou/all/,盖州
https://i.meituan.com/gujiao/all/,古交
https://i.meituan.com/fangchenggang/all/,防城港
https://i.meituan.com/fenghuang/all/,凤凰
https://i.meituan.com/funing/all/,阜宁
https://i.meituan.com/fengcheng/all/,凤城
https://i.meituan.com/fenyang/all/,汾阳
https://i.meituan.com/fukang/all/,阜康
https://i.meituan.com/fch/all/,丰城
https://i.meituan.com/fanxian/all/,范县
https://i.meituan.com/fanchang/all/,繁昌
https://i.meituan.com/deyang/all/,德阳
https://i.meituan.com/dazhou/all/,达州
https://i.meituan.com/dali/all/,大理
https://i.meituan.com/dingxi/all/,定西
https://i.meituan.com/danyang/all/,丹阳
https://i.meituan.com/dongyang/all/,东阳
https://i.meituan.com/dafeng/all/,大丰
https://i.meituan.com/xinyi/all/,新沂
https://i.meituan.com/xinzheng/all/,新郑
https://i.meituan.com/xinmi/all/,新密
https://i.meituan.com/xinyixy/all/,信宜
https://i.meituan.com/xilinguolemeng/all/,锡林郭勒
https://i.meituan.com/xiangxi/all/,湘西
https://i.meituan.com/xiangyin/all/,湘阴
https://i.meituan.com/xiangshui/all/,响水
https://i.meituan.com/mianchi/all/,渑池
https://i.meituan.com/mianzhu/all/,绵竹
https://i.meituan.com/mengyin/all/,蒙阴
https://i.meituan.com/mengzishi/all/,蒙自市
https://i.meituan.com/mengcheng/all/,蒙城
https://i.meituan.com/menglaxian/all/,勐腊县
https://i.meituan.com/miyixian/all/,米易县
https://i.meituan.com/yongkang/all/,永康
https://i.meituan.com/yingde/all/,英德
https://i.meituan.com/yizheng/all/,仪征
https://i.meituan.com/yongcheng/all/,永城
https://i.meituan.com/yuzhou/all/,禹州
https://i.meituan.com/yining/all/,伊宁
https://i.meituan.com/yongchuan/all/,永川
https://i.meituan.com/yaan/all/,雅安
https://i.meituan.com/wltqq/all/,乌拉特前旗
https://i.meituan.com/weishan/all/,微山
https://i.meituan.com/wenshang/all/,汶上
https://i.meituan.com/wucheng/all/,武城
https://i.meituan.com/weichang/all/,围场
https://i.meituan.com/wuyi/all/,武义
https://i.meituan.com/wuming/all/,武鸣
https://i.meituan.com/zhungeerqi/all/,准格尔旗
https://i.meituan.com/zhouzhi/all/,周至
https://i.meituan.com/zhijiangtongzu/all/,芷江
https://i.meituan.com/zhijin/all/,织金
https://i.meituan.com/zhangping/all/,漳平
https://i.meituan.com/zixingshi/all/,资兴市
https://i.meituan.com/shangluo/all/,商洛
https://i.meituan.com/shizuishan/all/,石嘴山
https://i.meituan.com/cangzhou/all/,沧州
https://i.meituan.com/changzhi/all/,长治
https://i.meituan.com/chifeng/all/,赤峰
https://i.meituan.com/chuzhou/all/,滁州
https://i.meituan.com/changde/all/,常德
https://i.meituan.com/chenzhou/all/,郴州
https://i.meituan.com/changshu/all/,常熟
https://i.meituan.com/tunchangxian/all/,屯昌县
https://i.meituan.com/tulufan/all/,吐鲁番
https://i.meituan.com/tacheng/all/,塔城
https://i.meituan.com/taibei/all/,台北
https://i.meituan.com/tengchong/all/,腾冲
https://i.meituan.com/taizhong/all/,台中
https://i.meituan.com/bozhou/all/,亳州
https://i.meituan.com/jian/all/,吉安
https://i.meituan.com/jiyuan/all/,济源
https://i.meituan.com/jiuquan/all/,酒泉
https://i.meituan.com/jingjiang/all/,靖江
https://i.meituan.com/jintan/all/,金坛
https://i.meituan.com/jiashan/all/,嘉善
https://i.meituan.com/jurong/all/,句容
https://i.meituan.com/laiwu/all/,莱芜
https://i.meituan.com/luohe/all/,漯河
https://i.meituan.com/loudi/all/,娄底
https://i.meituan.com/laibin/all/,来宾
https://i.meituan.com/luzhou/all/,泸州
https://i.meituan.com/liangshan/all/,凉山
https://i.meituan.com/hulunbeier/all/,呼伦贝尔
https://i.meituan.com/geermu/all/,格尔木
https://i.meituan.com/guanyun/all/,灌云
https://i.meituan.com/guannan/all/,灌南
https://i.meituan.com/ganyu/all/,赣榆
https://i.meituan.com/gaoan/all/,高安
https://i.meituan.com/guangde/all/,广德
https://i.meituan.com/gongqingcheng/all/,共青城
https://i.meituan.com/feixiangqu/all/,肥乡区
https://i.meituan.com/fengqiu/all/,封丘
https://i.meituan.com/fufeng/all/,扶风
https://i.meituan.com/fengxian/all/,丰县
https://i.meituan.com/fusong/all/,抚松
https://i.meituan.com/dongtai/all/,东台
https://i.meituan.com/dengfeng/all/,登封
https://i.meituan.com/danzhou/all/,儋州
https://i.meituan.com/dujiangyan/all/,都江堰
https://i.meituan.com/dashiqiao/all/,大石桥
https://i.meituan.com/dengzhou/all/,邓州
https://i.meituan.com/xingyang/all/,荥阳
https://i.meituan.com/xingning/all/,兴宁
https://i.meituan.com/xinmin/all/,新民
https://i.meituan.com/xiangcheng/all/,项城
https://i.meituan.com/xiaoyi/all/,孝义
https://i.meituan.com/xiangxiang/all/,湘乡
https://i.meituan.com/xingcheng/all/,兴城
https://i.meituan.com/xingping/all/,兴平
https://i.meituan.com/minhouxian/all/,闽侯县
https://i.meituan.com/mingshuixian/all/,明水县
https://i.meituan.com/mohe/all/,漠河
https://i.meituan.com/yangshuo/all/,阳朔
https://i.meituan.com/yichuan/all/,伊川
https://i.meituan.com/yanshi/all/,偃师
https://i.meituan.com/yangzhong/all/,扬中
https://i.meituan.com/yongji/all/,永济
https://i.meituan.com/yucheng/all/,禹城
https://i.meituan.com/yicheng/all/,宜城
https://i.meituan.com/weining/all/,威宁
https://i.meituan.com/wuyang/all/,舞阳
https://i.meituan.com/wuji/all/,无极
https://i.meituan.com/wanrong/all/,万荣
https://i.meituan.com/wanzai/all/,万载
https://i.meituan.com/zhalantunshi/all/,扎兰屯市
https://i.meituan.com/zhongxian/all/,忠县
https://i.meituan.com/shihezi/all/,石河子
https://i.meituan.com/shishi/all/,石狮
https://i.meituan.com/shangyu/all/,上虞
https://i.meituan.com/shouguang/all/,寿光
https://i.meituan.com/shengzhou/all/,嵊州
https://i.meituan.com/shuyang/all/,沭阳
https://i.meituan.com/sheyang/all/,射阳
https://i.meituan.com/cixi/all/,慈溪
https://i.meituan.com/chaoyang/all/,朝阳
https://i.meituan.com/chaohu/all/,巢湖
https://i.meituan.com/chizhou/all/,池州
https://i.meituan.com/chaozhou/all/,潮州
https://i.meituan.com/tainan/all/,台南
https://i.meituan.com/taidong/all/,台东
https://i.meituan.com/binzhou/all/,滨州
https://i.meituan.com/baoji/all/,宝鸡
https://i.meituan.com/bayannaoer/all/,巴彦淖尔
https://i.meituan.com/benxi/all/,本溪
https://i.meituan.com/baishan/all/,白山
https://i.meituan.com/baicheng/all/,白城
https://i.meituan.com/beihai/all/,北海
https://i.meituan.com/baise/all/,百色
https://i.meituan.com/jiaozhou/all/,胶州
https://i.meituan.com/jimo/all/,即墨
https://i.meituan.com/jiangdu/all/,江都
https://i.meituan.com/jinchang/all/,金昌
https://i.meituan.com/liupanshui/all/,六盘水
https://i.meituan.com/lijiang/all/,丽江
https://i.meituan.com/liyang/all/,溧阳
https://i.meituan.com/linhai/all/,临海
https://i.meituan.com/lanxi/all/,兰溪
https://i.meituan.com/hegang/all/,鹤岗
https://i.meituan.com/heihe/all/,黑河
https://i.meituan.com/huaibei/all/,淮北
https://i.meituan.com/huangshan/all/,黄山
https://i.meituan.com/hebi/all/,鹤壁
https://i.meituan.com/heyuan/all/,河源
https://i.meituan.com/hezhou/all/,贺州
https://i.meituan.com/hechi/all/,河池
https://i.meituan.com/gaoyang/all/,高阳
https://i.meituan.com/gaoling/all/,高陵
https://i.meituan.com/gongan/all/,公安
https://i.meituan.com/gushixian/all/,固始县
https://i.meituan.com/guangze/all/,光泽
https://i.meituan.com/guangshanxian/all/,光山县
https://i.meituan.com/fushunxian/all/,富顺
https://i.meituan.com/deqing/all/,德清
https://i.meituan.com/dangyang/all/,当阳
https://i.meituan.com/donggang/all/,东港
https://i.meituan.com/daye/all/,大冶
https://i.meituan.com/dongxing/all/,东兴
https://i.meituan.com/diaobingshan/all/,调兵山
https://i.meituan.com/dengta/all/,灯塔
https://i.meituan.com/datongshi/all/,大通
https://i.meituan.com/xiangshan/all/,象山
https://i.meituan.com/xiuwu/all/,修武
https://i.meituan.com/xiajin/all/,夏津
https://i.meituan.com/xinhua/all/,新化
https://i.meituan.com/xianju/all/,仙居
https://i.meituan.com/xiangyuan/all/,襄垣
https://i.meituan.com/miaoli/all/,苗栗
https://i.meituan.com/yuanping/all/,原平
https://i.meituan.com/weixian/all/,威县
https://i.meituan.com/wupingxian/all/,武平县
https://i.meituan.com/weishixian/all/,尉氏县
https://i.meituan.com/wulongxian/all/,武隆县
https://i.meituan.com/wuchangshi/all/,五常市
https://i.meituan.com/wangcangxian/all/,旺苍县
https://i.meituan.com/wangkuixian/all/,望奎县
https://i.meituan.com/wugangshi/all/,武冈市
https://i.meituan.com/zherong/all/,柘荣
https://i.meituan.com/zhongjiangxian/all/,中江县
https://i.meituan.com/zhenxiongxian/all/,镇雄县
https://i.meituan.com/zhongningxian/all/,中宁县
https://i.meituan.com/zhouzhuang/all/,周庄
https://i.meituan.com/zhanghua/all/,彰化
https://i.meituan.com/sanhe/all/,三河
https://i.meituan.com/shucheng/all/,舒城
https://i.meituan.com/shaoshan/all/,韶山
https://i.meituan.com/shahe/all/,沙河
https://i.meituan.com/sihui/all/,四会
https://i.meituan.com/songzi/all/,松滋
https://i.meituan.com/shulan/all/,舒兰
https://i.meituan.com/conghua/all/,从化
https://i.meituan.com/changxing/all/,长兴
https://i.meituan.com/changyi/all/,昌邑
https://i.meituan.com/cangnan/all/,苍南
https://i.meituan.com/changge/all/,长葛
https://i.meituan.com/chongzuo/all/,崇左
https://i.meituan.com/chuxiong/all/,楚雄
https://i.meituan.com/changji/all/,昌吉
https://i.meituan.com/changle/all/,长乐
https://i.meituan.com/taoyuan/all/,桃园
https://i.meituan.com/bazhong/all/,巴中
https://i.meituan.com/bijiediqu/all/,毕节
https://i.meituan.com/baoshan/all/,保山
https://i.meituan.com/baiyin/all/,白银
https://i.meituan.com/baoying/all/,宝应
https://i.meituan.com/beiliu/all/,北流
https://i.meituan.com/boai/all/,博爱
https://i.meituan.com/baofeng/all/,宝丰
https://i.meituan.com/jiayuguan/all/,嘉峪关
https://i.meituan.com/jiangshan/all/,江山
https://i.meituan.com/jianhu/all/,建湖
https://i.meituan.com/jinzhoushi/all/,晋州
https://i.meituan.com/jiande/all/,建德
https://i.meituan.com/jianyang/all/,简阳
https://i.meituan.com/jiexiu/all/,介休
https://i.meituan.com/jianshi/all/,集安
https://i.meituan.com/longkou/all/,龙口
https://i.meituan.com/honghe/all/,红河
https://i.meituan.com/hanzhong/all/,汉中
https://i.meituan.com/haining/all/,海宁
https://i.meituan.com/huidong/all/,惠东
https://i.meituan.com/huiyang/all/,惠阳
https://i.meituan.com/haicheng/all/,海城
https://i.meituan.com/haimen/all/,海门
https://i.meituan.com/haiyang/all/,海阳
https://i.meituan.com/guanxian/all/,固安县
https://i.meituan.com/ganzi/all/,甘孜
https://i.meituan.com/gannan/all/,甘南
https://i.meituan.com/guoluo/all/,果洛
https://i.meituan.com/gaoxiong/all/,高雄
https://i.meituan.com/gulangyu/all/,鼓浪屿
https://i.meituan.com/feixian/all/,费县
https://i.meituan.com/fogang/all/,佛冈
https://i.meituan.com/fengning/all/,丰宁
https://i.meituan.com/fugou/all/,扶沟
https://i.meituan.com/fengtai/all/,凤台
https://i.meituan.com/dongfang/all/,东方
https://i.meituan.com/dongping/all/,东平
https://i.meituan.com/dianbai/all/,电白
https://i.meituan.com/donghai/all/,东海
https://i.meituan.com/dingzhou/all/,定州
https://i.meituan.com/dancheng/all/,郸城
https://i.meituan.com/dalixian/all/,大荔
https://i.meituan.com/xuanwei/all/,宣威
https://i.meituan.com/xiapu/all/,霞浦
https://i.meituan.com/xinan/all/,新安
https://i.meituan.com/xinxiangxian/all/,新乡县
https://i.meituan.com/xuyi/all/,盱眙
https://i.meituan.com/xuwen/all/,徐闻
https://i.meituan.com/yidu/all/,宜都
https://i.meituan.com/yuanjiang/all/,沅江
https://i.meituan.com/yuhuanshi/all/,玉环市
https://i.meituan.com/yongnian/all/,永年
https://i.meituan.com/yangcheng/all/,阳城
https://i.meituan.com/yunyang/all/,云阳
https://i.meituan.com/wuding/all/,武定
https://i.meituan.com/wudangshan/all/,武当山
https://i.meituan.com/wuzhen/all/,乌镇
https://i.meituan.com/shaodong/all/,邵东
https://i.meituan.com/suixian/all/,睢县
https://i.meituan.com/siyang/all/,泗阳
https://i.meituan.com/shawan/all/,沙湾
https://i.meituan.com/shexian/all/,涉县
https://i.meituan.com/shenmushi/all/,神木市
https://i.meituan.com/suizhong/all/,绥中
https://i.meituan.com/shanggao/all/,上高
https://i.meituan.com/chongzhou/all/,崇州
https://i.meituan.com/chibi/all/,赤壁
https://i.meituan.com/chunan/all/,淳安
https://i.meituan.com/boxing/all/,博兴
https://i.meituan.com/biyang/all/,泌阳
https://i.meituan.com/binxian/all/,彬县
https://i.meituan.com/bishan/all/,璧山
https://i.meituan.com/jiaohe/all/,蛟河
https://i.meituan.com/jianyangjy/all/,建阳
https://i.meituan.com/jiaxian/all/,郏县
https://i.meituan.com/jintang/all/,金堂
https://i.meituan.com/jianli/all/,监利
https://i.meituan.com/leiyang/all/,耒阳
https://i.meituan.com/laizhou/all/,莱州
https://i.meituan.com/linan/all/,临安
https://i.meituan.com/laiyang/all/,莱阳
https://i.meituan.com/lufeng/all/,陆丰
https://i.meituan.com/liuyang/all/,浏阳
https://i.meituan.com/hbbazhou/all/,霸州
https://i.meituan.com/haian/all/,海安
https://i.meituan.com/fengxin/all/,奉新
https://i.meituan.com/fangcheng/all/,方城
https://i.meituan.com/fuyuanxian/all/,富源县
https://i.meituan.com/fenyi/all/,分宜
https://i.meituan.com/fusuixian/all/,扶绥县
https://i.meituan.com/feixixian/all/,肥西县
https://i.meituan.com/fanzhixian/all/,繁峙县
https://i.meituan.com/fengxiangxian/all/,凤翔县
https://i.meituan.com/fuan/all/,福安
https://i.meituan.com/dalateqi/all/,达拉特旗
https://i.meituan.com/dazhu/all/,大竹
https://i.meituan.com/dawa/all/,大洼
https://i.meituan.com/dayi/all/,大邑
https://i.meituan.com/dangshan/all/,砀山
https://i.meituan.com/xiayi/all/,夏邑
https://i.meituan.com/xunxian/all/,浚县
https://i.meituan.com/xixiang/all/,西乡
https://i.meituan.com/xiping/all/,西平
https://i.meituan.com/xinle/all/,新乐
https://i.meituan.com/xinchang/all/,新昌
https://i.meituan.com/xuecheng/all/,薛城
https://i.meituan.com/xihua/all/,西华
https://i.meituan.com/yexian/all/,叶县
https://i.meituan.com/yixian/all/,易县
https://i.meituan.com/yiyangyy/all/,宜阳
https://i.meituan.com/yanliang/all/,阎良
https://i.meituan.com/yuanyang/all/,原阳
https://i.meituan.com/yuchengxian/all/,虞城
https://i.meituan.com/yushan/all/,玉山
https://i.meituan.com/yanggu/all/,阳谷
https://i.meituan.com/shiquan/all/,石泉
https://i.meituan.com/sihong/all/,泗洪
https://i.meituan.com/chengdexian/all/,承德县
https://i.meituan.com/changlecl/all/,昌乐
https://i.meituan.com/caofeidian/all/,曹妃甸
https://i.meituan.com/cixian/all/,磁县
https://i.meituan.com/changyuan/all/,长垣
https://i.meituan.com/chengan/all/,成安
https://i.meituan.com/boshan/all/,博山
https://i.meituan.com/binyang/all/,宾阳
https://i.meituan.com/botou/all/,泊头市
https://i.meituan.com/boluoxian/all/,博罗县
https://i.meituan.com/bobaixian/all/,博白县
https://i.meituan.com/jiangjin/all/,江津
https://i.meituan.com/juye/all/,巨野
https://i.meituan.com/jiaxiang/all/,嘉祥
https://i.meituan.com/jinxiang/all/,金乡
https://i.meituan.com/jinyun/all/,缙云
https://i.meituan.com/jingshanshi/all/,京山市
https://i.meituan.com/lianjiang/all/,廉江
https://i.meituan.com/linzhou/all/,林州
https://i.meituan.com/lincang/all/,临沧
https://i.meituan.com/linxia/all/,临夏
https://i.meituan.com/lechang/all/,乐昌
https://i.meituan.com/linqing/all/,临清
https://i.meituan.com/lingbao/all/,灵宝
https://i.meituan.com/lengshuijiang/all/,冷水江
https://i.meituan.com/laoling/all/,乐陵
https://i.meituan.com/huazhou/all/,化州
https://i.meituan.com/hechuan/all/,合川
https://i.meituan.com/hengdian/all/,横店
https://i.meituan.com/haidong/all/,海东
https://i.meituan.com/fudingshi/all/,福鼎市
https://i.meituan.com/fuguxian/all/,府谷县
https://i.meituan.com/fengjie/all/,奉节
https://i.meituan.com/fengdu/all/,丰都
https://i.meituan.com/feidongxian/all/,肥东县
https://i.meituan.com/fuminxian/all/,富民
https://i.meituan.com/dunhua/all/,敦化
https://i.meituan.com/dongguang/all/,东光
https://i.meituan.com/daoxian/all/,道县
https://i.meituan.com/daanshi/all/,大安市
https://i.meituan.com/dinganxian/all/,定安县
https://i.meituan.com/dianjiang/all/,垫江
https://i.meituan.com/xishui/all/,浠水
https://i.meituan.com/yunchengxian/all/,郓城
https://i.meituan.com/yijinhuoluoqi/all/,伊金霍洛旗
https://i.meituan.com/yangling/all/,杨凌
https://i.meituan.com/yishui/all/,沂水
https://i.meituan.com/yinan/all/,沂南
https://i.meituan.com/shanxian/all/,单县
https://i.meituan.com/shenqiu/all/,沈丘
https://i.meituan.com/sanmen/all/,三门
https://i.meituan.com/suiningxian/all/,睢宁
https://i.meituan.com/shangcai/all/,上蔡
https://i.meituan.com/suichang/all/,遂昌
https://i.meituan.com/shidao/all/,石岛
https://i.meituan.com/changli/all/,昌黎
https://i.meituan.com/cenxi/all/,岑溪
https://i.meituan.com/beizhenshi/all/,北镇市
https://i.meituan.com/beianshi/all/,北安市
https://i.meituan.com/bayanxian/all/,巴彦县
https://i.meituan.com/bachuxian/all/,巴楚县
https://i.meituan.com/baichengxian/all/,拜城县
https://i.meituan.com/baiquanxian/all/,拜泉县
https://i.meituan.com/jiangyou/all/,江油
https://i.meituan.com/junan/all/,莒南
https://i.meituan.com/jinhu/all/,金湖
https://i.meituan.com/jimei/all/,集美
https://i.meituan.com/jinsha/all/,金沙
https://i.meituan.com/jingxian/all/,泾县
https://i.meituan.com/jianxian/all/,吉安县
https://i.meituan.com/jishuixian/all/,吉水县
https://i.meituan.com/jiangchuanxian/all/,江川县
https://i.meituan.com/longhai/all/,龙海
https://i.meituan.com/hami/all/,哈密
https://i.meituan.com/heshan/all/,鹤山
https://i.meituan.com/huadian/all/,桦甸
https://i.meituan.com/huayin/all/,华阴
https://i.meituan.com/houma/all/,侯马
https://i.meituan.com/hejin/all/,河津
https://i.meituan.com/huozhou/all/,霍州
https://i.meituan.com/dongmingxian/all/,东明县
https://i.meituan.com/dingtaoqu/all/,定陶区
https://i.meituan.com/dingbianxian/all/,定边县
https://i.meituan.com/dachangzizhixian/all/,大厂回族自治县
https://i.meituan.com/dingyuanxian/all/,定远县
https://i.meituan.com/dawuxia/all/,大悟县
https://i.meituan.com/dazuqu/all/,大足区
https://i.meituan.com/xianghe/all/,香河
https://i.meituan.com/xinfeng/all/,信丰
https://i.meituan.com/yudu/all/,于都
https://i.meituan.com/yifeng/all/,宜丰
https://i.meituan.com/yingshanxian/all/,营山县
https://i.meituan.com/yongan/all/,永安
https://i.meituan.com/yanling/all/,鄢陵
https://i.meituan.com/yongfeng/all/,永丰
https://i.meituan.com/yongxin/all/,永新
https://i.meituan.com/yongxingxian/all/,永兴县
https://i.meituan.com/shifang/all/,什邡
https://i.meituan.com/shanghang/all/,上杭
https://i.meituan.com/songxian/all/,嵩县
https://i.meituan.com/shehong/all/,射洪
https://i.meituan.com/shanghe/all/,商河
https://i.meituan.com/sishui/all/,泗水
https://i.meituan.com/chiping/all/,茌平
https://i.meituan.com/caoxian/all/,曹县
https://i.meituan.com/boertala/all/,博尔塔拉
https://i.meituan.com/bazhou/all/,巴州
https://i.meituan.com/binhai/all/,滨海
https://i.meituan.com/beipei/all/,北碚
https://i.meituan.com/jianghuayaozuzizhixian/all/,江华瑶族自治县
https://i.meituan.com/jinningqu/all/,晋宁区
https://i.meituan.com/jiangyong/all/,江永
https://i.meituan.com/jianshuixian/all/,建水县
https://i.meituan.com/juanchengxian/all/,鄄城县
https://i.meituan.com/liling/all/,醴陵
https://i.meituan.com/laixi/all/,莱西
https://i.meituan.com/leping/all/,乐平
https://i.meituan.com/langzhong/all/,阆中
https://i.meituan.com/luquan/all/,鹿泉
https://i.meituan.com/lichuan/all/,利川
https://i.meituan.com/laohekou/all/,老河口
https://i.meituan.com/linghai/all/,凌海
https://i.meituan.com/huanghua/all/,黄骅
https://i.meituan.com/hailin/all/,海林
https://i.meituan.com/dehuishi/all/,德惠市
https://i.meituan.com/dongkengzhen/all/,东坑镇
https://i.meituan.com/daxinganling/all/,大兴安岭
https://i.meituan.com/dehong/all/,德宏
https://i.meituan.com/diqing/all/,迪庆
https://i.meituan.com/dunhuang/all/,敦煌
https://i.meituan.com/xincai/all/,新蔡
https://i.meituan.com/xupu/all/,溆浦
https://i.meituan.com/youxian/all/,攸县
https://i.meituan.com/yongshunxian/all/,永顺县
https://i.meituan.com/yuminxian/all/,裕民县
https://i.meituan.com/youyangtujiazumiaozuzizh/all/,酉阳土家族苗族自治县
https://i.meituan.com/yingxian/all/,应县
https://i.meituan.com/yangshanxian/all/,阳山县
https://i.meituan.com/sheqi/all/,社旗
https://i.meituan.com/sixian/all/,泗县
https://i.meituan.com/shenzhoushi/all/,深州市
https://i.meituan.com/shanglinxian/all/,上林县
https://i.meituan.com/shangshuixian/all/,商水县
https://i.meituan.com/shuangfeng/all/,双峰
https://i.meituan.com/suichuan/all/,遂川
https://i.meituan.com/chenggu/all/,城固
https://i.meituan.com/changting/all/,长汀
https://i.meituan.com/chaoan/all/,潮安
https://i.meituan.com/changshou/all/,长寿
https://i.meituan.com/changshan/all/,常山
https://i.meituan.com/chishui/all/,赤水
https://i.meituan.com/jingbian/all/,靖边
https://i.meituan.com/jiayuxian/all/,嘉鱼县
https://i.meituan.com/jzqixian/all/,祁县
https://i.meituan.com/jinghexian/all/,精河县
https://i.meituan.com/jingxixian/all/,靖西市
https://i.meituan.com/jingguxian/all/,景谷
https://i.meituan.com/jiutai/all/,九台
https://i.meituan.com/luannan/all/,滦南
https://i.meituan.com/lingshan/all/,灵山
https://i.meituan.com/lianzhou/all/,连州
https://i.meituan.com/lingshui/all/,陵水
https://i.meituan.com/linjiang/all/,临江
https://i.meituan.com/lianjiangxian/all/,连江
https://i.meituan.com/haiyan/all/,海盐
https://i.meituan.com/huaiyang/all/,淮阳
https://i.meituan.com/xichuan/all/,淅川
https://i.meituan.com/xingan/all/,新干
https://i.meituan.com/xingguoxian/all/,兴国县
https://i.meituan.com/xintian/all/,新田
https://i.meituan.com/xunwuxian/all/,寻乌县
https://i.meituan.com/xiangyunxian/all/,祥云县
https://i.meituan.com/xiangchengxian/all/,襄城县
https://i.meituan.com/xinning/all/,新宁
https://i.meituan.com/xianxian/all/,献县
https://i.meituan.com/yushushi/all/,榆树市
https://i.meituan.com/yuanlingxian/all/,沅陵县
https://i.meituan.com/yongdengxian/all/,永登县
https://i.meituan.com/yutaixian/all/,鱼台县
https://i.meituan.com/shangli/all/,上栗
https://i.meituan.com/shachexian/all/,莎车县
https://i.meituan.com/suningxian/all/,肃宁县
https://i.meituan.com/shangchengxian/all/,商城县
https://i.meituan.com/sangzhi/all/,桑植
https://i.meituan.com/shimen/all/,石门
https://i.meituan.com/shanshanxian/all/,鄯善县
https://i.meituan.com/cili/all/,慈利
https://i.meituan.com/changningshi/all/,常宁市
https://i.meituan.com/chalingxian/all/,茶陵
https://i.meituan.com/changfengxian/all/,长丰县
https://i.meituan.com/cangxixian/all/,苍溪县
https://i.meituan.com/changqingqu/all/,长清区
https://i.meituan.com/jingdongyizuzizhixian/all/,景东彝族自治县
https://i.meituan.com/jiuzhaigou/all/,九寨沟
https://i.meituan.com/jinggangshan/all/,井冈山
https://i.meituan.com/linqu/all/,临朐
https://i.meituan.com/laoting/all/,乐亭
https://i.meituan.com/luanzhoushi/all/,滦州市
https://i.meituan.com/luancheng/all/,栾城
https://i.meituan.com/lushanls/all/,鲁山
https://i.meituan.com/lingshi/all/,灵石
https://i.meituan.com/hanyin/all/,汉阴
https://i.meituan.com/hanshan/all/,含山
https://i.meituan.com/hexian/all/,和县
https://i.meituan.com/huxian/all/,户县
https://i.meituan.com/huixian/all/,辉县
https://i.meituan.com/huairenshi/all/,怀仁市
https://i.meituan.com/huaxian/all/,滑县
https://i.meituan.com/xinzhouqu/all/,新洲区
https://i.meituan.com/xiushantujiazumiaozuzizh/all/,秀山土家族苗族自治县
https://i.meituan.com/xinye/all/,新野
https://i.meituan.com/xianyouxian/all/,仙游县
https://i.meituan.com/xinjinxian/all/,新津县
https://i.meituan.com/xunyangxian/all/,旬阳县
https://i.meituan.com/yizhouqu/all/,宜州区
https://i.meituan.com/yimashi/all/,义马市
https://i.meituan.com/yongjiaxian/all/,永嘉县
https://i.meituan.com/yuxian/all/,盂县
https://i.meituan.com/yiliangxian/all/,宜良县
https://i.meituan.com/yutianxian/all/,玉田县
https://i.meituan.com/yongningxian/all/,永宁县
https://i.meituan.com/suidexian/all/,绥德县
https://i.meituan.com/shaxian/all/,沙县
https://i.meituan.com/shenzexian/all/,深泽县
https://i.meituan.com/shizhu/all/,石柱
https://i.meituan.com/shaowu/all/,邵武
https://i.meituan.com/shouxian/all/,寿县
https://i.meituan.com/chongmingqu/all/,崇明区
https://i.meituan.com/chengwuxian/all/,成武县
https://i.meituan.com/chengjiangxian/all/,澄江县
https://i.meituan.com/chengmaixian/all/,澄迈县
https://i.meituan.com/changdu/all/,昌都
https://i.meituan.com/jilong/all/,基隆
https://i.meituan.com/jiayi/all/,嘉义市
https://i.meituan.com/linzhang/all/,临漳
https://i.meituan.com/lintong/all/,临潼
https://i.meituan.com/lantian/all/,蓝田
https://i.meituan.com/longchangshi/all/,隆昌市
https://i.meituan.com/luyi/all/,鹿邑
https://i.meituan.com/liuhe/all/,柳河
https://i.meituan.com/huian/all/,惠安
https://i.meituan.com/hancheng/all/,韩城
https://i.meituan.com/huatingshi/all/,华亭市
https://i.meituan.com/hongtong/all/,洪洞
https://i.meituan.com/hekou/all/,河口
https://i.meituan.com/huinan/all/,辉南
https://i.meituan.com/honghu/all/,洪湖
https://i.meituan.com/haicang/all/,海沧
https://i.meituan.com/xiaochangxian/all/,孝昌县
https://i.meituan.com/xixian/all/,息县
https://i.meituan.com/xiaoxian/all/,萧县
https://i.meituan.com/xiegangzhen/all/,谢岗镇
https://i.meituan.com/xianggang/all/,香港
https://i.meituan.com/xianggelila/all/,香格里拉
https://i.meituan.com/xitang/all/,西塘
https://i.meituan.com/xinbei/all/,新北
https://i.meituan.com/yichunyc/all/,伊春
https://i.meituan.com/yushu/all/,玉树
https://i.meituan.com/santaixian/all/,三台县
https://i.meituan.com/shandanxian/all/,山丹县
https://i.meituan.com/shanzhouqu/all/,陕州区
https://i.meituan.com/suiningxiansnx/all/,绥宁县
https://i.meituan.com/shuangcheng/all/,双城
https://i.meituan.com/suiping/all/,遂平
https://i.meituan.com/shaya/all/,沙雅
https://i.meituan.com/linyixian/all/,临猗
https://i.meituan.com/liangshanxian/all/,梁山
https://i.meituan.com/lijin/all/,利津
https://i.meituan.com/linyily/all/,临邑
https://i.meituan.com/longquan/all/,龙泉
https://i.meituan.com/lingchuan/all/,陵川
https://i.meituan.com/huoqiu/all/,霍邱
https://i.meituan.com/xinzhushi/all/,新竹市
https://i.meituan.com/yili/all/,伊犁
https://i.meituan.com/yilan/all/,宜兰
https://i.meituan.com/songmingxian/all/,嵩明县
https://i.meituan.com/shilinxian/all/,石林彝族自治县
https://i.meituan.com/sanxia/all/,三峡
https://i.meituan.com/shannan/all/,山南
https://i.meituan.com/shennongjia/all/,神农架
https://i.meituan.com/sanqingshan/all/,三清山
https://i.meituan.com/longyao/all/,隆尧
https://i.meituan.com/leizhou/all/,雷州
https://i.meituan.com/luanchuan/all/,栾川
https://i.meituan.com/longyou/all/,龙游
https://i.meituan.com/lanling/all/,兰陵
https://i.meituan.com/linshu/all/,临沭
https://i.meituan.com/hunchun/all/,珲春
https://i.meituan.com/huaining/all/,怀宁
https://i.meituan.com/lianshui/all/,涟水
https://i.meituan.com/lixian/all/,澧县
https://i.meituan.com/liaozhong/all/,辽中
https://i.meituan.com/luopingxian/all/,罗平县
https://i.meituan.com/lianyuanshi/all/,涟源市
https://i.meituan.com/lujiangxian/all/,庐江县
https://i.meituan.com/linying/all/,临颍
https://i.meituan.com/lanshan/all/,蓝山
https://i.meituan.com/longhui/all/,隆回
https://i.meituan.com/luxi/all/,芦溪
https://i.meituan.com/lushixian/all/,卢氏县
https://i.meituan.com/huaiyuanxian/all/,怀远县
https://i.meituan.com/huizexian/all/,会泽县
https://i.meituan.com/hejianshi/all/,河间市
https://i.meituan.com/longhuaxian/all/,隆化县
https://i.meituan.com/luoningxian/all/,洛宁
https://i.meituan.com/lankaoxian/all/,兰考县
https://i.meituan.com/linli/all/,临澧
https://i.meituan.com/lixin/all/,利辛
https://i.meituan.com/lingqiuxian/all/,灵丘县
https://i.meituan.com/hepuxian/all/,合浦县
https://i.meituan.com/hengyangxian/all/,衡阳县
https://i.meituan.com/hengshanxian/all/,衡山县
https://i.meituan.com/hengdongxian/all/,衡东县
https://i.meituan.com/huangchuanxian/all/,潢川县
https://i.meituan.com/helanxian/all/,贺兰县
https://i.meituan.com/hannanqu/all/,汉南区
https://i.meituan.com/hailunshi/all/,海伦市
https://i.meituan.com/lufengxian/all/,禄丰县
https://i.meituan.com/lishuiqu/all/,溧水区
https://i.meituan.com/luxian/all/,泸县
https://i.meituan.com/luochuanxian/all/,洛川县
https://i.meituan.com/luodingshi/all/,罗定市
https://i.meituan.com/ledong/all/,乐东
https://i.meituan.com/liangping/all/,梁平
https://i.meituan.com/hejiangxian/all/,合江县
https://i.meituan.com/huanxian/all/,环县
https://i.meituan.com/huanglingxian/all/,黄陵县
https://i.meituan.com/huachuanxian/all/,桦川县
https://i.meituan.com/hengshanqu/all/,横山区
https://i.meituan.com/huarong/all/,华容
https://i.meituan.com/lingaoxian/all/,临高县
https://i.meituan.com/haibei/all/,海北
https://i.meituan.com/huangnan/all/,黄南
https://i.meituan.com/hainanzhou/all/,海南州
https://i.meituan.com/haixi/all/,海西
https://i.meituan.com/hetian/all/,和田
https://i.meituan.com/hualian/all/,花莲
https://i.meituan.com/hengchun/all/,恒春
https://i.meituan.com/luoyuanxian/all/,罗源县
https://i.meituan.com/luchuanxian/all/,陆川县
https://i.meituan.com/linquanxian/all/,临泉县
https://i.meituan.com/luquanxian/all/,禄劝彝族苗族自治县
https://i.meituan.com/lingwushi/all/,灵武市
https://i.meituan.com/linzhi/all/,林芝
https://i.meituan.com/longnan/all/,陇南
